"DESCRIPTION","DURATION IN MS","NAME","PARENT SUITE","START TIME","STATUS","STOP TIME","SUB SUITE","SUITE","TEST CLASS","TEST METHOD"
"","461","requestNotAuthorization","","","passed","","","Tests.ChangeUserTest","Tests.ChangeUserTest",""
"","184","createUserNotPassword","","","passed","","","Tests.CreateUserTest","Tests.CreateUserTest",""
"","186","CreateOrderIncorrectHash","","","passed","","","Tests.CreateOrderTest","Tests.CreateOrderTest",""
"","232","createUniqueUser","","","passed","","","Tests.CreateUserTest","Tests.CreateUserTest",""
"","215","CreateOrderNotAuthorization","","","passed","","","Tests.CreateOrderTest","Tests.CreateOrderTest",""
"","206","requestNotAuthorization","","","passed","","","Tests.ResponseOrderTest","Tests.ResponseOrderTest",""
"","188","CreateOrderNotIngredients","","","passed","","","Tests.CreateOrderTest","Tests.CreateOrderTest",""
"","2983","CreateOrderWithAuthorization","","","passed","","","Tests.CreateOrderTest","Tests.CreateOrderTest",""
"","201","createUserNotName","","","passed","","","Tests.CreateUserTest","Tests.CreateUserTest",""
"","172","requestAuthorization","","","failed","","","Tests.ChangeUserTest","Tests.ChangeUserTest",""
"","196","createUserNotEmail","","","passed","","","Tests.CreateUserTest","Tests.CreateUserTest",""
"","218","requestNotAuthorizationEmail","","","failed","","","Tests.ChangeUserTest","Tests.ChangeUserTest",""
"","3504","requestAuthorization","","","passed","","","Tests.ResponseOrderTest","Tests.ResponseOrderTest",""
"","483","requestAuthorizationErrorLogin","","","passed","","","Tests.AuthorizationTest","Tests.AuthorizationTest",""
"","185","createRegisteredUser","","","passed","","","Tests.CreateUserTest","Tests.CreateUserTest",""
"","1609","requestAuthorizationErrorPassword","","","passed","","","Tests.AuthorizationTest","Tests.AuthorizationTest",""
"","218","requestAuthorization","","","failed","","","Tests.AuthorizationTest","Tests.AuthorizationTest",""
